,service_domain,quarter,num_nodes_final,total_rewards,total_rewards_dollar,total_rewards_dollar_fixed,total_relays,avg_stake,rewards_per_node_final,rewards_per_node_final_fixed,active
0,a1deploy.tech,20231,2.0,35.769681,2.1797165002990377,1.07309043,150028.0,18025.159744408946,0.5449291250747594,0.2682726075,0.0
1,aapokt.com,20231,40.0,117422.10348,7143.947965350949,3522.6631044,246879860.0,46529.74189556389,62.12128665522564,30.63185308173913,1.0
2,allchainedup.com,20231,12.0,3037.592249,190.22191687128333,91.12776747,3214272.0,60000.0,6.340730562376111,3.037592249,1.0
3,althaea.xyz,20231,15.0,1263.390015,74.36573253421807,37.90170045,1805546.0,66051.21951219514,5.720440964170621,2.9155154192307693,0.0
4,angryinfra.com,20231,13.0,417.963955,25.808861618420433,12.53891865,434503.0,67872.18045112783,1.4338256454678018,0.6966065916666666,1.0
5,anonstake.com,20231,2.0,157.285732,10.39134700885368,4.71857196,677159.0,17528.155339805824,2.59783675221342,1.17964299,0.0
6,apes.capital,20231,,29.297718,1.79329357412429,0.87893154,124438.0,,0.896646787062145,0.43946577,
7,bargsystems.com,20231,38.0,122627.47525,7488.481745867791,3678.8242575,148479879.0,66687.4428754814,74.14338362245337,36.42400254950495,1.0
8,bignodeapp.com,20231,,377942.1634,22960.66665440064,11338.264901999999,456065707.0,,102.04740735289174,50.39228845333333,
9,bitcat365.com,20231,,991.847852,60.614342188303524,29.75543556,1147598.0,,20.204780729434507,9.918478519999999,
10,blackholestake.io,20231,218.0,248867.418839,15132.224427157586,7466.022565169999,1096147710.0,17732.81280373226,23.280345272550132,11.486188561799999,1.0
11,blockchain.info,20231,2.0,39.268995000000004,2.459533930073687,1.17806985,164211.0,14866.600790513834,0.8198446433578956,0.39268995,1.0
12,blockspaces.global,20231,978.0,1825881.331985,110528.06610823545,54776.43995955,4581995087.0,37513.244860381485,41.771755898804024,20.70160240345805,1.0
13,blockzero.tech,20231,2.0,31.125969,1.8712067059994781,0.9337790699999999,129606.0,18025.159744408946,0.3742413411998956,0.186755814,0.0
14,blokhub.org,20231,542.0,1997455.646502,121553.72648422733,59923.669395059995,2844124933.0,58714.88799121789,76.30491304722368,37.616867165762706,1.0
15,bunila.org,20231,,138.99443,8.622374775707256,4.169832899999999,596359.0,,4.311187387853628,2.0849164499999997,
16,bwtechnologies.app,20231,,1630.073707,100.62149670351396,48.90221121,2971558.0,,16.77024945058566,8.150368535,
17,bwtechnologies3.com,20231,,6926.816133,423.94358420225547,207.80448399,8137058.0,,28.2629056134837,13.853632266,
18,c0d3r.org,20231,6074.0,7598895.928974,462802.94901572395,227966.87786921998,28944540934.0,21509.193835513663,26.31206714513184,12.960763992792085,1.0
19,chainpokt.com,20231,75.0,379870.581949,23083.10878960857,11396.11745847,462000373.0,60000.0,102.59159462048254,50.649410926533335,1.0
20,chainstacklabs.com,20231,10.0,4136.692034,251.65003253345796,124.10076102,20667199.0,15000.0,9.320371575313258,4.596324482222222,1.0
21,cloudnodechain.com,20231,,125232.96788,7628.647044149445,3756.9890364,149785612.0,,101.7152939219926,50.093187152,
22,code2node.net,20231,10.0,3456.251707,213.11095947612648,103.68755121,16164145.0,16731.22641118161,7.103698649204216,3.456251707,1.0
23,com.mt,20231,8.0,8564.516602,516.0340525430688,256.93549806,12218963.0,60000.0,21.5014188559612,10.705645752499999,1.0
24,crypto-solutions.net,20231,2.0,514.903417,31.24712406140063,15.447102509999999,2368637.0,25200.68922305764,5.207854010233438,2.5745170849999996,1.0
25,cryptonode.tools,20231,,288969.63316,17125.62374142137,8669.0889948,523948776.0,,76.79651901982676,38.87483854170404,
26,cryptopath.me,20231,,39.557491999999996,2.2918089688402254,1.18672476,207516.0,,0.7639363229467419,0.39557492,
27,cts-node-runner.net,20231,,15.111372,1.034710975930515,0.45334116,64586.0,,0.34490365864350503,0.15111372,
28,cybernode.org,20231,6.0,849.612355,50.720679845431704,25.48837065,2453608.0,25286.893059125734,7.245811406490243,3.641195807142857,1.0
29,dacminfrastructure.com,20231,7.0,277.594738,16.91480047254015,8.32784214,1288447.0,15000.0,0.8054666891685786,0.3965639114285714,1.0
30,dappnode.io,20231,5.0,719.52925,43.212642255256064,21.5858775,3428273.0,18497.950819672133,3.928422023205097,1.9623525,0.0
31,detoo.info,20231,,33.90116,2.038743339163111,1.0170348,152924.0,,0.6795811130543704,0.3390116,
32,dkvalidator.one,20231,1.0,1.265922,0.07415746790212623,0.037977659999999996,5319.0,18497.950819672133,0.07415746790212623,0.037977659999999996,0.0
33,dnvmf1111.de,20231,,29.851541,1.7973482524843745,0.89554623,134794.0,,0.5991160841614581,0.29851541,
34,doorgod.io,20231,7.0,3414.384415,200.01398400603082,102.43153244999999,3925513.0,78632.40418118468,28.57342628657583,14.633076064285714,0.0
35,dopenodes.com,20231,1.0,6.97835,0.4508279655562848,0.2093505,32553.0,15000.0,0.1502759885187616,0.0697835,1.0
36,dubosecloud.com,20231,,1897.772545,117.4851590917149,56.93317635,2172024.0,,7.83234393944766,3.7955450899999996,
37,easix.com,20231,2.0,1.1499679999999999,0.06929096999689138,0.034499039999999995,4827.0,16968.045112781954,0.03464548499844569,0.017249519999999997,1.0
38,easy2stake.com,20231,883.0,3942115.759814,239868.18370096065,118263.47279442,4809635253.0,65736.96375609541,94.47348708190653,46.57876045467507,1.0
39,emcsquare.xyz,20231,41.0,14935.517171,876.1520365397079,448.06551513,45817488.0,19882.058176729315,12.884588772642763,6.5891987519117645,1.0
40,enact-e.net,20231,5.0,746.765245,44.589736411957915,22.402957349999998,1538255.0,37470.56603773585,2.9726490941305275,1.49353049,1.0
41,epitech.nl,20231,1.0,30.239222,1.647663764303979,0.90717666,40346.0,59351.0634800618,1.647663764303979,0.90717666,1.0
42,fort.software,20231,,31237.351658,1884.6936672502213,937.12054974,38632092.0,,67.31048811607933,33.468591062142856,
43,germs-mixtape.xyz,20231,,725.832038,45.30252637016501,21.77496114,1706720.0,,15.100842123388338,7.25832038,
44,germscryptonodes.net,20231,3.0,762.782995,47.73859871493255,22.88348985,3523940.0,15000.0,5.304288746103617,2.5426099833333335,1.0
45,goodpokt.com,20231,134.0,654935.125802,39799.02679305196,19648.053774059998,797582108.0,60000.0,101.0127583579999,49.86815678695431,1.0
46,grandcentralnode.com,20231,109.0,543488.983905,33048.042305119896,16304.66951715,653263699.0,60000.0,101.06434955694158,49.86137467018349,1.0
47,gunray.xyz,20231,64.0,17606.772734,1078.8165356775419,528.20318202,80883479.0,15000.0,5.8951723261067865,2.886356185901639,1.0
48,hashquark.io,20231,1.0,635.94552,38.60480256907197,19.078365599999998,1472151.0,34064.15094339623,12.86826752302399,6.359455199999999,1.0
49,hjhsing.cc,20231,,186.235568,11.378369611579204,5.58706704,866340.0,,3.7927898705264016,1.86235568,
50,hubcap.pro,20231,1.0,15.710754999999999,0.9592412562765741,0.47132264999999995,70307.0,15039.98667110963,0.3197470854255247,0.15710754999999998,1.0
51,immensedao.com,20231,15.0,5529.83823,333.6393487227121,165.8951469,25758781.0,17032.07547169811,7.4142077493936025,3.6865588199999997,1.0
52,incbcstaking.com,20231,5.0,2.294796,0.13442870944017693,0.06884388000000001,4087.0,79261.46341463416,0.03360717736004423,0.017210970000000003,0.0
53,jebroku.com,20231,,1.910902,0.11564565508464546,0.05732706,8029.0,,0.05782282754232273,0.02866353,
54,jorgevc.net,20231,,18.871671,1.2135622213907449,0.56615013,82293.0,,0.6067811106953724,0.283075065,
55,jsquare-stake.xyz,20231,9.0,15070.337979,953.3001176709815,452.11013937,16573059.0,66739.54372623574,35.30741176559191,16.744819976666665,0.0
56,kelepool.io,20231,,16.98909,1.0887467432293534,0.5096727,68472.0,,0.5443733716146767,0.25483635,
57,lightspeedstake.io,20231,92.0,136371.44823,8257.63675612157,4091.1434468999996,485659434.0,19733.331599750363,29.91897375406366,14.822983503260868,1.0
58,linodeusercontent.com,20231,,0.089326,0.00523269994346044,0.00267978,360.0,,0.00523269994346044,0.00267978,
59,liquify.com,20231,,10623.487253,622.3218452424356,318.70461759,28775923.0,,103.72030754040594,53.117436265,
60,liquify.info,20231,22.0,279.974888,17.418763630874516,8.39924664,1183552.0,15175.472739645105,8.709381815437258,4.19962332,1.0
61,liquify.ltd,20231,909.0,2463886.583703,149868.21118210003,73916.59751109,4316239744.0,33600.964257406056,55.67169806170135,27.457874261177565,1.0
62,livaras.com,20231,,987.1443919999999,59.808561301585144,29.61433176,1138355.0,,19.936187100528382,9.871443919999999,
63,lunastations.online,20231,,312.971387,18.266018803987276,9.38914161,528832.0,,6.0886729346624255,3.12971387,
64,madpokt.com,20231,,10834.310661,657.986156591668,325.02931982999996,13729854.0,,43.86574377277786,21.668621321999996,
65,mind-heart-soul.org,20231,2.0,1132.013702,70.15979932106572,33.96041106,5298952.0,15000.0,11.693299886844287,5.660068509999999,1.0
66,mindkast.com,20231,2.0,628.631067,37.96482254914679,18.85893201,1935388.0,25074.999999999996,6.327470424857798,3.143155335,1.0
67,mynnodes.com,20231,1.0,192.414358,12.518336248710812,5.77243074,210012.0,67872.18045112783,4.172778749570271,1.92414358,1.0
68,nextnode.ch,20231,1.0,0.029809,0.0016242219839563764,0.00089427,156.0,16716.666666666664,0.0016242219839563764,0.00089427,1.0
69,node-river-001.com,20231,428.0,2121804.384782,129132.13888069494,63654.13154346,2559473979.0,60000.0,100.72709741083848,49.65220869224649,1.0
70,nodedaddy.com,20231,,2138.661204,131.3775291207911,64.15983612,2731481.0,,21.896254853465184,10.69330602,
71,nodefleet.org,20231,2032.0,6870156.960725,417571.51081620576,206104.70882174998,9828988547.0,43646.69197704388,70.47620435716553,34.785604864430375,1.0
72,nodeifi.io,20231,7.0,4331.850302,261.440581651995,129.95550906,4886008.0,70376.20375836092,17.429372110133,8.663700604,1.0
73,nodeinfra.io,20231,100.0,5632.843093,332.78091398604465,168.98529279,5764437.0,87407.78048780496,3.6569331207257654,1.8569812394505494,0.0
74,nodepilots.net,20231,4.0,2429.253312,149.9298844492103,72.87759936,8694134.0,21210.056390977443,12.494157037434192,6.07313328,1.0
75,noderunner24.com,20231,54.0,105.363126,6.17215170793515,3.16089378,1963931.0,88068.2926829268,6.17215170793515,3.16089378,0.0
76,noderunnerpkte2s.xyz,20231,103.0,516378.478835,31443.275168897497,15491.35436505,626168531.0,55252.134146341465,102.42109175536643,50.460437671172635,1.0
77,nodies.org,20231,2344.0,8765225.115785,532711.1815692447,262956.75347354996,10844909374.0,66652.82593044225,81.8925721090307,40.423789926756335,1.0
78,obeliskindustries.live,20231,,0.786143,0.04605210612421715,0.02358429,1509.0,,0.04605210612421715,0.02358429,
79,obsidianowl.xyz,20231,5.0,1448.656839,87.9042912785983,43.45970517,6650753.0,16968.045112781954,5.860286085239887,2.897313678,1.0
80,onchainnetworks.com,20231,,0.7473019999999999,0.047051695900540313,0.022419059999999998,3178.0,,0.015683898633513438,0.0074730199999999995,
81,p2pify.com,20231,,385.967782,23.63806773542377,11.57903346,1765100.0,,7.879355911807924,3.85967782,
82,pjnodes.net,20231,1.0,911.997567,55.251219677457485,27.35992701,1069066.0,67315.43624161073,18.417073225819163,9.11997567,1.0
83,pn-10.xyz,20231,231.0,766724.597799,46774.026477738924,23001.73793397,907542034.0,68128.30188679275,67.49498770236497,33.191541030259735,1.0
84,pokt.cash,20231,24.0,4634.817417,283.9806821738897,139.04452251,10206395.0,24161.12762294294,6.310681826086438,3.089878278,1.0
85,pokt.live,20231,7.0,8485.858903,527.4296407633561,254.57576709,9709299.0,67872.18045112783,25.115697179207434,12.122655575714285,1.0
86,pokt.network,20231,87.0,649.070789,38.76388272232523,19.47212367,2619992.0,17417.161091653572,1.9381941361162613,0.9736061834999999,1.0
87,poktchg.com,20231,,380856.556917,23178.59394251946,11425.69670751,458917599.0,,103.01597307786426,50.7808742556,
88,poktclouds.com,20231,1.0,0.327807,0.021060757975841664,0.00983421,1437.0,15537.005163511187,0.007020252658613888,0.0032780699999999997,1.0
89,poktloft.com,20231,161.0,774110.073377,47069.65616395351,23223.302201309998,937046536.0,60000.0,100.79155495493256,49.7286985038758,1.0
90,poktmarbs.com,20231,6.0,6245.857849,392.43388866094836,187.37573547,7076486.0,60000.0,21.80188270338602,10.409763081666666,1.0
91,poktminer.com,20231,14.0,38263.672062,2306.5848797611507,1147.91016186,49149237.0,60000.0,60.69960209897765,30.208162154210527,1.0
92,poktnodelord.com,20231,33.0,169645.378066,10304.113404492035,5089.361341979999,205725102.0,60000.0,104.08195358072763,51.407690323030295,1.0
93,poktnodes.net,20231,4.0,690.732466,42.12033215073311,20.721973979999998,2851057.0,18025.159744408946,5.265041518841639,2.5902467474999997,0.0
94,poktnodes.network,20231,271.0,127470.928711,7588.372132314635,3824.1278613299996,187168115.0,74918.60450081389,22.719677042858187,11.449484614760477,1.0
95,poktscan.cloud,20231,2539.0,5613527.703833,341566.799584493,168405.83111499,11887031360.0,22723.20496557128,49.06863950359043,24.192764130870565,1.0
96,poktschool.com,20231,,750172.366976,45610.383894907885,22505.17100928,903084584.0,,100.90792897103515,49.7902013479646,
97,poktstaking.com,20231,,5898.228183,345.5170754282166,176.94684549,25003688.0,,38.39078615869073,19.660760609999997,
98,poktvalidators.nl,20231,,228.361005,13.613544018852702,6.85083015,2785709.0,,4.537848006284234,2.28361005,
99,poktymcpoktface.com,20231,11.0,21561.302424,1319.9387948951517,646.83907272,24815377.0,60000.0,39.99814529985308,19.60118402181818,1.0
100,qspider.com,20231,37.0,43300.427158,2631.107209861257,1299.0128147399998,69815286.0,23864.524810310602,24.589787008049132,12.140306679813083,1.0
101,r3lik.com,20231,2.0,315.057342,19.92669095860483,9.45172026,965601.0,25742.395437262356,3.3211151597674715,1.57528671,0.0
102,raddicted.eu,20231,,10856.368003,667.123953362928,325.69104009,12548614.0,,37.062441853496,18.093946671666668,
103,republiccrypto-runtime.com,20231,30.0,118410.937223,7291.657948265607,3552.3281166899997,141782343.0,64303.78869066383,81.01842164739563,39.47031240766666,1.0
104,rockpokt.net,20231,20.0,36294.724504,2237.9479868788408,1088.8417351199998,53140465.0,53076.92307692308,37.29913311464735,18.147362251999997,1.0
105,rockx.com,20231,1.0,332.696436,20.487839018734604,9.98089308,1502950.0,15000.0,6.829279672911535,3.32696436,1.0
106,sekode.com,20231,1.0,967.46718,59.555346028305095,29.024015399999996,1413105.0,51484.79087452471,19.85178200943503,9.674671799999999,0.0
107,selfhost.co,20231,,531.5322659999999,31.93437359162254,15.945967979999999,1673888.0,,3.5482637324025044,1.77177422,
108,sendnodes.io,20231,906.0,3122234.397035,189975.3897289261,93667.03191105,5040516825.0,25970.27782148795,73.57683568122621,36.27692947755616,1.0
109,solarnode.net,20231,,802.5477719999999,48.624984055850256,24.076433159999997,971396.0,,16.20832801861675,8.02547772,
110,spacebelt.cloud,20231,23.0,81972.131204,4944.794679919284,2459.16393612,116585008.0,60000.0,85.25508068826352,42.399378208965516,1.0
111,stakely.io,20231,34.0,3177.912951,189.14379418630983,95.33738853,15398019.0,15000.0,1.8543509233951945,0.9346802797058823,1.0
112,stakenode.club,20231,,259.233266,15.819347194483822,7.776997979999999,300191.0,,5.273115731494607,2.59233266,
113,stakenodes.org,20231,23.0,35953.607286,2174.1996470228437,1078.60821858,93232686.0,37500.0,31.51013981192527,15.632003167826088,1.0
114,stakesquid.eu,20231,,256.438265,16.27172317569434,7.69314795,526527.0,,5.423907725231447,2.56438265,
115,staketomorrow.com,20231,123.0,589192.73732,35825.900048772826,17675.7821196,717699155.0,60000.0,98.96657472036692,48.828127402209944,1.0
116,starferrum.com,20231,,856.831642,51.8688672235627,25.70494926,957687.0,,17.289622407854235,8.56831642,
117,starlinktoday.com,20231,,697174.509563,40675.44926190137,20915.235286889998,936426987.0,,69.17593411887988,35.570128038928566,
118,steonode.de,20231,,91.64462,5.185823305882131,2.7493385999999997,436977.0,,1.728607768627377,0.9164461999999999,
119,stephenross.uk,20231,2.0,4.80522,0.2814888657536997,0.1441566,20190.0,16502.74223034735,0.14074443287684985,0.0720783,1.0
120,tampaco.in,20231,1.0,309.955269,19.36489767189924,9.29865807,1383810.0,16968.045112781954,6.45496589063308,3.09955269,1.0
121,thundernetwork.xyz,20231,108.0,123971.155491,7496.515408572326,3719.1346647299997,599158509.0,17339.0243902439,23.13739323633434,11.478810693611111,1.0
122,thunderstake.org,20231,3611.0,3729168.332889,227831.95211032016,111875.04998667,11382901034.0,23101.093354159115,24.802084923831934,12.17886457507838,1.0
123,tokens.fi,20231,335.0,22191.197081,1352.7377359199816,665.73591243,74324437.0,21935.078816419453,8.841423110588115,4.351215113921569,0.0
124,tuku.dev,20231,7.0,7365.317791,448.26205774656626,220.95953373,8615187.0,60000.0,21.34581227364601,10.521882558571429,1.0
125,turelier.com,20231,,2172.721107,131.9079862422629,65.18163321,3327027.0,,21.984664373710483,10.863605535,
126,uadevops.com,20231,,7775.300881,473.3988224401685,233.25902643,9135695.0,,39.44990187001404,19.4382522025,
127,uebeweb3.de,20231,,0.044079,0.0024017605699893697,0.00132237,251.0,,0.0024017605699893697,0.00132237,
128,ursamajor.eu,20231,,687.023362,41.9877831073532,20.61070086,818745.0,,13.995927702451068,6.8702336200000005,
129,validatrium.com,20231,,199.933134,12.094429528284687,5.997994019999999,868420.0,,4.031476509428229,1.9993313399999997,
130,vido.info,20231,1.0,1438.83896,87.37535319731658,43.165168800000004,1756425.0,60000.0,29.125117732438863,14.388389600000002,1.0
131,weaversnodes.org,20231,,112066.911726,6393.386874729043,3362.00735178,169768254.0,,30.59036782167006,16.086159577894737,
132,wetez.io,20231,,49.259620999999996,3.0737862742611615,1.47778863,56583.0,,1.0245954247537206,0.49259621000000003,
133,whiteholestake.io,20231,101.0,63427.4314,3733.7217463360244,1902.822942,304524173.0,15000.0,12.322514014310311,6.279943702970297,1.0
134,winskitech.com,20231,,45659.903616,2792.394818363263,1369.79710848,54643703.0,,44.32372727560735,21.742811245714286,
135,yokto.net,20231,4.0,1011.791609,60.16672305888176,30.353748269999997,3320482.0,45000.0,5.013893588240147,2.5294790225,1.0
136,zanshindojo.org,20231,,573.966673,36.35213900463724,17.21900019,667430.0,,12.117379668212413,5.73966673,
137,zp-labs.net,20231,193.0,327050.412561,19935.68027100387,9811.51237683,392828775.0,64368.52855721428,38.48586924904222,18.9411435846139,1.0
138,zwenighirni.ch,20231,,6638.914775,394.5416194836929,199.16744325,10756548.0,,65.75693658061549,33.194573874999996,
0,aapokt.com,20232,41.0,20953.655798,864.5071026734136,628.60967394,47337238.0,39136.95601310194,19.647888697123037,14.286583498636363,1.0
1,alchemy.fyi,20232,1.0,971.123533,32.91562289676101,29.133705989999996,1499463.0,59388.15789473685,16.457811448380504,14.566852994999998,1.0
2,apes.capital,20232,,52.396479,1.8021281707193335,1.5718943699999999,335688.0,,0.6007093902397779,0.52396479,
3,bargsystems.com,20232,31.0,94806.238504,3613.717597577995,2844.1871551199997,149244342.0,59912.593984962405,38.85717846858059,30.582657581935482,1.0
4,baselinewireless.com,20232,1.0,95.66077,3.1864337387909174,2.8698231,645314.0,15039.98667110963,1.5932168693954587,1.43491155,1.0
5,bignodeapp.com,20232,75.0,264229.368546,10126.405829468798,7926.88105638,410957730.0,60000.0,45.00624813097244,35.2305824728,1.0
6,bitcat365.com,20232,,405.034479,15.681508586532093,12.151034369999998,598360.0,,5.227169528844031,4.05034479,
7,blackholestake.io,20232,216.0,194695.427913,7461.11802652795,5840.86283739,1103964753.0,15406.842033528692,11.514071028592515,9.013677218194445,1.0
8,blockchain.info,20232,3.0,18.123266,0.686223780581566,0.54369798,115662.0,14866.600790513834,0.22874126019385532,0.18123266000000002,1.0
9,blockspaces.global,20232,844.0,1202800.940992,46534.20192908698,36084.02822976,3335741513.0,33897.24811248727,24.937943155995164,19.33763570726688,1.0
10,blokhub.org,20232,501.0,1502292.505069,57479.77880422177,45068.77515207,2691044939.0,38321.97305172086,38.29432298748952,30.025832879460356,1.0
11,bwtechnologies.app,20232,,1873.877966,70.70380129576446,56.216338979999996,4011463.0,,11.78396688262741,9.36938983,
12,bwtechnologies3.com,20232,,7540.665614,282.10635760502515,226.21996842,11546383.0,,18.80709050700168,15.081331228,
13,c0d3r.org,20232,5624.0,6339392.914688,242310.58763896042,190181.78744063998,25675519212.0,19602.405863314012,15.131171951977047,11.875970241079054,1.0
14,chainpokt.com,20232,75.0,265178.848737,10174.826706743635,7955.3654621099995,412373856.0,60000.0,45.221452029971715,35.3571798316,1.0
15,chainstacklabs.com,20232,7.0,2584.359316,96.86258345862983,77.53077947999999,16257601.0,15000.0,4.612503974220468,3.6919418799999995,1.0
16,cloudnodechain.com,20232,25.0,85163.590774,3272.3650011758864,2554.9077232199998,132225101.0,60000.0,43.63153334901182,34.065436309599995,1.0
17,co.in,20232,,0.289582,0.011135272735778691,0.00868746,1807.0,,0.005567636367889346,0.00434373,
18,code2node.net,20232,10.0,306.446008,12.973580076875857,9.19338024,1786135.0,16729.770436730116,1.2973580076875857,0.919338024,0.0
19,com.mt,20232,8.0,7980.397593000001,286.32787735976774,239.41192779,12509780.0,60000.0,11.930328223323656,9.97549699125,1.0
20,crypto-solutions.net,20232,2.0,119.775106,5.070752721005569,3.5932531799999996,587118.0,25200.68922305764,2.5353763605027844,1.7966265899999998,0.0
21,cryptonode.tools,20232,316.0,663436.954203,24643.010290781363,19903.108626089997,1169617182.0,53874.714057665726,37.00151695312517,29.884547486621617,1.0
22,cryptopath.me,20232,,85.87400600000001,3.176553592693935,2.57622018,528592.0,,1.058851197564645,0.85874006,
23,cts-node-runner.net,20232,,0.460563,0.01949821764669937,0.01381689,2897.0,,0.01949821764669937,0.01381689,
24,dacminfrastructure.com,20232,7.0,389.825759,14.307080956734122,11.69477277,2435528.0,15000.0,0.6812895693682915,0.5568939414285714,1.0
25,dappnode.io,20232,6.0,2651.633723,95.94187537475746,79.54901169,6356599.0,60079.973342219266,5.996367210922341,4.971813230625,1.0
26,detoo.info,20232,,63.830369000000005,2.3653203828710874,1.91491107,395433.0,,0.7884401276236958,0.63830369,
27,dnvmf1111.de,20232,1.0,2.623391,0.11106287020536235,0.07870173,15602.0,15537.005163511187,0.11106287020536235,0.07870173,0.0
28,dopenodes.com,20232,1.0,149.704306,5.428593102413885,4.49112918,949522.0,15000.0,1.8095310341379616,1.49704306,1.0
29,dubosecloud.com,20232,,4504.13102,158.27603052648578,135.1239306,7093207.0,,8.793112807026988,7.506885033333333,
30,easy2stake.com,20232,884.0,2968674.236437,113261.3825110703,89060.22709310999,4648546309.0,65221.89921570226,46.70572474683311,36.725866842519586,1.0
31,emcsquare.xyz,20232,13.0,4716.675079,199.68333812986484,141.50025237,8804825.0,45053.31556147951,15.360256779220371,10.884634797692307,1.0
32,enact-e.net,20232,5.0,46.625980999999996,1.9603217740164458,1.3987794299999998,61000.0,37470.56603773585,0.6534405913388153,0.46625980999999994,0.0
33,epitech.nl,20232,629.0,175088.093099,6149.1387555152105,5252.642792969999,273773138.0,60020.80190272399,5.233309579161881,4.470334291889361,1.0
34,fort.software,20232,10.0,37440.708237,1431.059314862623,1123.22124711,59053797.0,60000.0,47.70197716208744,37.440708236999996,1.0
35,germscryptonodes.net,20232,1.0,18.867118,0.759381628243694,0.56601354,116018.0,15000.0,0.379690814121847,0.28300677,1.0
36,goodpokt.com,20232,141.0,479525.410303,18337.481079566827,14385.76230909,745292426.0,60000.0,45.05523606773176,35.345853339287466,1.0
37,grandcentralnode.com,20232,109.0,386957.180293,14825.605060525368,11608.71540879,601905094.0,60000.0,45.33824177530693,35.500658742477064,1.0
38,gunray.xyz,20232,52.0,4799.030961,191.79347950748576,143.97092883,28826858.0,15000.0,3.044340944563266,2.2852528385714286,1.0
39,hashquark.io,20232,1.0,8.192782,0.34684646089234467,0.24578345999999998,21437.0,34064.15094339623,0.34684646089234467,0.24578345999999998,0.0
40,hjhsing.cc,20232,1.0,164.88294100000002,6.268719528329525,4.94648823,1026076.0,15000.0,2.0895731761098415,1.64882941,1.0
41,hubcap.pro,20232,2.0,10.234597,0.40081331838586104,0.30703790999999997,64884.0,15039.98667110963,0.20040665919293052,0.15351895499999998,1.0
42,immensedao.com,20232,15.0,278.907758,11.807731339332419,8.36723274,1486636.0,17032.07547169811,0.7871820892888279,0.557815516,0.0
43,jorgevc.net,20232,1.0,53.834751,1.9720326040581373,1.6150425299999998,331538.0,15000.0,0.6573442013527124,0.5383475099999999,1.0
44,jsquare-stake.xyz,20232,,7.500668,0.31754538935961696,0.22502004,13129.0,,0.31754538935961696,0.22502004,
45,knowable.run,20232,2.0,16.209241,0.6136915167277982,0.48627723,104680.0,15473.088789852589,0.20456383890926608,0.16209241,0.0
46,lightspeedstake.io,20232,92.0,102011.923111,3922.0348340681057,3060.35769333,477504832.0,20057.497529644268,14.210271137927919,11.088252512065218,1.0
47,liquify.com,20232,122.0,67691.031319,2244.5443751741323,2030.73093957,101453263.0,60000.0,14.574963475156704,13.186564542662337,1.0
48,liquify.ltd,20232,905.0,2071818.816133,78883.57509428942,62154.56448399,4434227844.0,44537.426778554494,29.054723791635148,22.893025592629833,1.0
49,livaras.com,20232,,1347.022292,49.47581851418966,40.41066876,2167134.0,,16.49193950472989,13.47022292,
50,lunastations.online,20232,,118.035105,4.025349738482522,3.5410531499999998,184020.0,,1.3417832461608405,1.1803510499999998,
51,madpokt.com,20232,7.0,9555.083425,388.3660734493056,286.65250275,16153932.0,58230.040192527165,27.740433817807542,20.47517876785714,0.0
52,mind-heart-soul.org,20232,2.0,721.704524,27.404192673987698,21.65113572,4564737.0,15000.0,5.48083853479754,4.330227144,1.0
53,mindkast.com,20232,2.0,95.035009,4.023365510338506,2.8510502699999996,360241.0,25074.999999999996,2.011682755169253,1.4255251349999998,0.0
54,nextnode.ch,20232,1.0,1.118169,0.04733837179233283,0.033545069999999996,6498.0,16716.666666666664,0.04733837179233283,0.033545069999999996,0.0
55,node-river-001.com,20232,430.0,1516346.217865,58108.87057320008,45490.38653595,2363576775.0,60000.0,45.115582743167764,35.3186230869177,1.0
56,nodedaddy.com,20232,2.0,2121.030663,81.52989432891094,63.630919889999994,3401719.0,60749.54206705328,13.588315721485158,10.605153314999999,1.0
57,nodefleet.org,20232,1863.0,4976387.211779,192218.9562419344,149291.61635337,8845623980.0,56398.853471368675,38.25252860536008,29.709774398680594,1.0
58,nodeifi.io,20232,3.0,1895.416085,70.71597071550984,56.862482549999996,2998907.0,61904.450734718666,10.10228153078712,8.123211792857143,1.0
59,noderunnerpkte2s.xyz,20232,102.0,394864.782066,15086.525092764754,11845.94346198,617168706.0,60000.0,49.302369584198544,38.71223353588235,1.0
60,nodies.org,20232,2365.0,8194375.080401,312820.0112533068,245831.25241202998,12856965924.0,63870.52566153262,45.4284070945842,35.70015283357972,1.0
61,onchainnetworks.com,20232,,7.062653,0.23400819507276557,0.21187959,44326.0,,0.23400819507276557,0.21187959,
62,p2pify.com,20232,,377.375065,14.159966503230581,11.32125195,2332970.0,,4.719988834410194,3.77375065,
63,pjnodes.net,20232,1.0,311.856381,13.202631542807394,9.35569143,420060.0,67315.43624161073,13.202631542807394,9.35569143,0.0
64,pn-10.xyz,20232,231.0,13365.749268,565.8472092605718,400.97247803999994,18268909.0,68128.30188679275,47.153934105047654,33.41437317,0.0
65,pokt.cash,20232,6.0,584.5631569999999,24.075604932301665,17.53689471,835200.0,63116.92961884205,6.018901233075416,4.3842236775,1.0
66,poktchg.com,20232,75.0,271089.159447,10395.607396488867,8132.67478341,421467979.0,60000.0,46.20269953995052,36.1452212596,1.0
67,poktclouds.com,20232,1.0,2.086625,0.07883461694652664,0.06259875,13711.0,15537.005163511187,0.026278205648842215,0.02086625,0.0
68,poktloft.com,20232,164.0,566634.592948,21732.87090307855,16999.03778844,883749539.0,60000.0,44.71784136435916,34.9774440091358,1.0
69,poktmarbs.com,20232,9.0,10332.533689,375.4253169509103,309.97601067,16362488.0,60903.0913511636,16.322839867430883,13.477217855217392,1.0
70,poktminer.com,20232,15.0,44222.09063,1651.7677612446191,1326.6627188999998,69154674.0,60000.0,38.41320374987486,30.852621369767437,1.0
71,poktnodelord.com,20232,33.0,116350.07838400001,4456.416456148079,3490.50235152,180835735.0,60000.0,45.01430763785939,35.25759951030303,1.0
72,poktnodes.network,20232,120.0,14025.393446,498.9792865297198,420.76180338,79523991.0,28628.939325985306,4.089994151882949,3.448867240819672,1.0
73,poktscan.cloud,20232,3328.0,6122533.150492,230860.31543032802,183675.99451475998,14627264744.0,22757.50293599733,27.27555711605955,21.7008500135586,1.0
74,poktschool.com,20232,,540811.926926,20740.86599566531,16224.35780778,840947489.0,,45.484355253652,35.579732034605264,
75,poktvalidators.nl,20232,5.0,348.598115,12.178325742055078,10.457943449999998,2099023.0,60000.0,1.3531473046727864,1.1619937166666665,1.0
76,poktymcpoktface.com,20232,11.0,18622.630492,700.5968651889706,558.67891476,28880249.0,60000.0,21.23020803602941,16.929664083636364,1.0
77,qspider.com,20232,32.0,51446.519932,1928.057057846225,1543.39559796,92483382.0,48017.842909784595,21.9097392937071,17.538586340454547,1.0
78,raddicted.eu,20232,6.0,7503.315039,285.37225285295426,225.09945117,11711590.0,66546.25875414671,17.83576580330964,14.068715698125,0.0
79,republiccrypto-runtime.com,20232,30.0,32132.341709,1342.884368688014,963.97025127,49103241.0,64360.69469835469,21.65942530141958,15.547907278548387,0.0
80,rockpokt.net,20232,20.0,34522.208511,1287.3434884612657,1035.66625533,61500707.0,53076.92307692308,21.455724807687762,17.2611042555,1.0
81,rockx.com,20232,1.0,243.828654,8.97391243132416,7.31485962,1536921.0,15000.0,2.99130414377472,2.43828654,1.0
82,savvynft.info,20232,4.0,1274.937258,45.08981011306321,38.24811774,2046057.0,25452.06766917293,22.544905056531604,19.12405887,0.0
83,selfhost.co,20232,,532.219934,19.631949301750325,15.96659802,2211662.0,,2.1813277001944806,1.7740664466666667,
84,sendnodes.io,20232,889.0,2880348.549285,110322.50727715086,86410.45647855,4556151483.0,58585.467566770596,43.331699637529795,33.93969225394737,1.0
85,solarnode.net,20232,,625.567899,24.490935757907245,18.76703697,969965.0,,8.163645252635748,6.25567899,
86,spacebelt.cloud,20232,30.0,104344.8633,3940.3887179726103,3130.345899,188657409.0,60000.0,44.27403053901809,35.17242583146067,1.0
87,stakely.io,20232,34.0,1943.593925,69.51369905107634,58.30781775,11996886.0,15000.0,0.681506853441925,0.5716452720588235,1.0
88,stakenode.club,20232,1.0,437.329629,16.55208186882848,13.119888869999999,677419.0,59417.47572815534,5.517360622942827,4.37329629,1.0
89,stakenodes.org,20232,25.0,44150.764373,1654.134184450716,1324.52293119,117401871.0,39000.0,23.297664569728394,18.65525255197183,1.0
90,stakesquid.eu,20232,,7.245887,0.3067590791474555,0.21737661,21391.0,,0.3067590791474555,0.21737661,
91,staketomorrow.com,20232,127.0,439668.611772,16830.77854158274,13190.058353159999,684606476.0,60000.0,44.76270888718813,35.07994242861702,1.0
92,starferrum.com,20232,,882.8950480000001,32.782798904742506,26.48685144,1397907.0,,10.927599634914168,8.82895048,
93,starlinktoday.com,20232,345.0,1096597.568403,41684.54629613442,32897.927052089995,1713166178.0,60000.0,43.15170424030478,34.055825105683226,1.0
94,steonode.de,20232,,432.326592,16.19558395540585,12.969797759999999,2678929.0,,5.398527985135284,4.32326592,
95,thundernetwork.xyz,20232,108.0,87886.825402,3392.22067352083,2636.6047620599998,548853757.0,15413.080895008605,10.768954519113747,8.370173847809523,1.0
96,thunderstake.org,20232,1820.0,1819290.582321,69534.5414301136,54578.71746963,6045713046.0,27909.183460187538,13.361748929691315,10.487839636746733,1.0
97,tuku.dev,20232,7.0,10155.917999,381.67073605168093,304.67753997,15924370.0,60000.0,18.17479695484195,14.508454284285714,1.0
98,turelier.com,20232,2.0,1526.081763,59.81962127601496,45.782452889999995,3171890.0,47280.6997835101,9.969936879335828,7.630408814999999,0.0
99,uadevops.com,20232,4.0,8675.522734,331.21005043310913,260.26568202,13542682.0,59900.46449900465,27.600837536092428,21.688806834999998,1.0
100,uebeweb3.de,20232,,0.005052,0.00021387952473630147,0.00015156,31.0,,0.00021387952473630147,0.00015156,
101,ursamajor.eu,20232,1.0,204.158597,8.081699316851992,6.12475791,300757.0,59351.0634800618,2.6938997722839972,2.04158597,1.0
102,validatrium.com,20232,,362.739363,14.081144360957726,10.88218089,2246882.0,,4.693714786985908,3.6273936300000003,
103,vido.info,20232,1.0,1474.207482,55.89559267988599,44.22622446,2361867.0,60000.0,18.631864226628664,14.74207482,1.0
104,weaversnodes.org,20232,106.0,316209.242161,12051.457790788616,9486.27726483,507970228.0,60000.0,37.897666008769235,29.831060581226414,1.0
105,whiteholestake.io,20232,101.0,79305.110868,3035.0886562407427,2379.1533260399997,497076231.0,14998.565599897996,10.016794245018954,7.851991175049504,1.0
106,winskitech.com,20232,21.0,35196.399626,1317.153504194014,1055.89198878,54865447.0,59927.89594222909,20.907198479270065,16.76019029809524,1.0
107,yokto.net,20232,4.0,1258.371072,48.131318244935436,37.75113216,5393528.0,25000.0,4.010943187077953,3.14592768,1.0
108,zanshindojo.org,20232,,898.716756,33.133501894333605,26.96150268,1404878.0,,11.044500631444535,8.98716756,
109,zp-labs.net,20232,130.0,237284.850055,9060.56834364923,7118.54550165,370276948.0,59780.81085454701,23.65683640639486,18.58628068315927,1.0
110,zwenighirni.ch,20232,2.0,3625.440575,135.52620815347134,108.76321725,5638188.0,60000.0,22.58770135891189,18.127202875,1.0
0,aapokt.com,20233,29.0,15552.917058,438.6417621107172,466.58751173999997,30897411.0,56281.50066570233,14.62139207035724,15.552917057999998,0.0
1,apes.capital,20233,1.0,21.194797,0.6021036672449288,0.6358439100000001,163999.0,15000.0,0.3010518336224644,0.31792195500000003,1.0
2,bargsystems.com,20233,29.0,39572.348237,1134.3233523554013,1187.17044711,138012696.0,59934.44548872181,12.890038094947743,13.490573262613635,1.0
3,bignodeapp.com,20233,75.0,104497.156403,2995.096443711569,3134.91469209,374959074.0,60000.0,13.07902377166624,13.689583808253275,1.0
4,bitcat365.com,20233,1.0,54.665499999999994,1.5318402636486272,1.639965,135358.0,60000.0,0.5106134212162091,0.546655,1.0
5,blackholestake.io,20233,216.0,86126.494443,2457.77090039784,2583.79483329,1053265048.0,16183.300395256918,4.029132623603016,4.2357292349016396,1.0
6,blockspaces.global,20233,361.0,22373.005685,627.9967986244603,671.19017055,49486401.0,41396.882537316094,1.7541810017443027,1.8748328786312847,0.0
7,blokhub.org,20233,440.0,628646.415684,17993.200960407896,18859.39247052,2235718418.0,55812.314824715904,15.458076426467265,16.202227208350514,1.0
8,bunila.org,20233,1.0,119.695673,3.353230037594359,3.59087019,1375077.0,15000.0,3.353230037594359,3.59087019,1.0
9,bwtechnologies.app,20233,2.0,1930.179095,55.701370289718284,57.90537284999999,9052310.0,45000.0,9.283561714953047,9.650895474999999,1.0
10,bwtechnologies3.com,20233,5.0,8061.424566,231.12431514660045,241.84273697999998,30942047.0,60000.0,15.40828767644003,16.122849132,1.0
11,c0d3r.org,20233,4893.0,3263485.30321,93516.4290593053,97904.5590963,25812109176.0,26464.53093632712,6.482941355931043,6.787144478079723,1.0
12,chainflow.io,20233,1.0,323.220798,9.04781118834082,9.69662394,1388085.0,15000.0,9.04781118834082,9.69662394,1.0
13,chainpokt.com,20233,75.0,105801.511549,3033.4714365434124,3174.04534647,376411139.0,60000.0,13.24660015957822,13.860460028253275,1.0
14,chainstacklabs.com,20233,7.0,1662.380466,47.36446650972261,49.87141398,18372025.0,15000.0,3.157631100648174,3.324760932,1.0
15,cloudnodechain.com,20233,25.0,34370.787588,985.618808493231,1031.12362764,125696554.0,60000.0,12.96866853280567,13.567416153157895,1.0
16,co.in,20233,1.0,0.864567,0.024220524946735898,0.02593701,7157.0,15000.0,0.024220524946735898,0.02593701,1.0
17,com.mt,20233,8.0,3772.1233190000003,107.34489383714799,113.16369956999999,11411716.0,60000.0,5.649731254586737,5.955984187894736,1.0
18,cryptonode.tools,20233,410.0,485353.031623,14064.025161245005,14560.59094869,1747169695.0,56149.08755926179,18.194081709243214,18.836469532587323,1.0
19,cryptopath.me,20233,1.0,33.132625,0.9289811849280468,0.99397875,203326.0,15000.0,0.4644905924640234,0.496989375,1.0
20,dacminfrastructure.com,20233,7.0,127.082683,3.6407440407455876,3.8124804899999996,1501589.0,15000.0,0.26005314576754196,0.27232003499999996,1.0
21,dappnode.io,20233,8.0,1858.106028,53.141178799763324,55.74318084,7018829.0,37519.99333555481,3.79579848569738,3.981655774285714,1.0
22,detoo.info,20233,,38.415329,1.0987192361157163,1.15245987,518178.0,,0.36623974537190546,0.38415329,
23,donttrustverify.xyz,20233,2.0,96.516376,2.7017504815111226,2.89549128,1694399.0,15000.0,2.7017504815111226,2.89549128,1.0
24,dopenodes.com,20233,1.0,141.673844,4.045071227798185,4.25021532,1932592.0,15000.0,1.3483570759327284,1.4167384399999998,1.0
25,dubosecloud.com,20233,6.0,3143.707731,89.46688447453052,94.31123192999999,10501586.0,60000.0,4.970382470807251,5.239512885,1.0
26,easy2stake.com,20233,764.0,1507453.366141,43209.258414849115,45223.60098423,5388332158.0,59815.22872522119,19.009792527430317,19.89599691343159,1.0
27,epitech.nl,20233,661.0,265117.074009,7578.785311022888,7953.5122202699995,937182932.0,59999.018250348054,4.2458181014133825,4.455749143008403,1.0
28,fort.software,20233,10.0,18670.503122,535.5540692108356,560.11509366,66137936.0,60000.0,17.851802307027853,18.670503122,1.0
29,goodpokt.com,20233,141.0,200942.118645,5760.863000532708,6028.26355935,716100670.0,60000.0,13.397355815192343,14.01921757988372,1.0
30,grandcentralnode.com,20233,109.0,155932.237488,4469.519621222533,4677.967124639999,551871141.0,60000.0,13.462408497658231,14.090262423614456,1.0
31,gunray.xyz,20233,56.0,709.369694,19.889943315065103,21.28109082,7212638.0,15000.0,2.486242914383138,2.6601363525,1.0
32,hjhsing.cc,20233,1.0,69.700794,1.9851587452018995,2.0910238199999998,988275.0,15000.0,0.6617195817339665,0.6970079399999999,1.0
33,jorgevc.net,20233,1.0,6.980041999999999,0.20559108764464792,0.20940125999999998,129521.0,15000.0,0.10279554382232396,0.10470062999999999,1.0
34,lightspeedstake.io,20233,92.0,48442.297249,1387.4873631631842,1453.26891747,507002550.0,19886.954373603712,5.063822493296293,5.3039011586496345,1.0
35,liquify.com,20233,172.0,241659.44365,6925.133209209408,7249.7833095,863457525.0,60000.0,14.60998567343757,15.294901496835442,1.0
36,liquify.ltd,20233,941.0,1101727.769871,31584.34142401387,33051.83309613,5045093471.0,44692.693387037834,11.918619405288252,12.472389847596228,1.0
37,livaras.com,20233,1.0,3.577524,0.10022301254795336,0.10732572,5107.0,60000.0,0.10022301254795336,0.10732572,1.0
38,lunastations.online,20233,1.0,39.485102999999995,1.1187360404658708,1.1845530899999999,87036.0,60000.0,0.5593680202329354,0.5922765449999999,1.0
39,mind-heart-soul.org,20233,2.0,457.125673,13.064033874088201,13.71377019,6740346.0,15000.0,2.6128067748176402,2.742754038,1.0
40,node-river-001.com,20233,432.0,595543.947197,17073.590125098326,17866.31841591,2128727192.0,59784.17266187051,13.133530865460251,13.743321858392306,1.0
41,nodedaddy.com,20233,1.0,416.802144,11.676558007193206,12.50406432,605287.0,59351.0634800618,11.676558007193206,12.50406432,0.0
42,nodefleet.org,20233,1409.0,1876108.435378,53704.923169351474,56283.25306134,7422169758.0,54996.29958355101,13.548164270774842,14.198600671377397,1.0
43,nodeifi.io,20233,2.0,566.200806,15.861906302906508,16.986024179999998,1392185.0,59423.34276874465,7.930953151453254,8.493012089999999,0.0
44,noderunnerpkte2s.xyz,20233,102.0,201896.079543,5786.147922418645,6056.88238629,725406328.0,60000.0,18.604977242503683,19.475506065241156,1.0
45,nodies.org,20233,2479.0,4050834.175341,116192.26773143829,121525.02526023,14123849098.0,59727.63534080074,15.793430437873901,16.51828534188256,1.0
46,onchainnetworks.com,20233,1.0,4.979443,0.13949725516050165,0.14938329,30619.0,15000.0,0.13949725516050165,0.14938329,1.0
47,p2pify.com,20233,1.0,146.96665,4.117216378445168,4.408999499999999,1037839.0,15000.0,4.117216378445168,4.408999499999999,1.0
48,poktchg.com,20233,75.0,105730.880478,3030.6327042450334,3171.92641434,378749235.0,60000.0,13.234203948668268,13.851207049519651,1.0
49,poktloft.com,20233,164.0,229761.370596,6586.194806615865,6892.84111788,827847281.0,60000.0,13.14609741839494,13.758165903952095,1.0
50,poktmarbs.com,20233,8.0,14261.731868,410.37972568601003,427.85195604,55084269.0,60000.0,17.099155236917085,17.827164835,1.0
51,poktminer.com,20233,16.0,31296.802059,898.1529025316435,938.90406177,113600475.0,60000.0,18.329651072074356,19.161307383061224,1.0
52,poktnodelord.com,20233,33.0,46425.389148,1331.5382246974405,1392.76167444,165703882.0,60000.0,13.18354677918258,13.789719548910892,1.0
53,poktscan.cloud,20233,3322.0,3889137.534811,111455.31853189485,116674.12604433,18114549314.0,42982.41983944787,11.925456722864846,12.483856841892788,1.0
54,poktschool.com,20233,152.0,214214.642205,6140.925409811244,6426.43926615,763186464.0,60000.0,13.263337818166834,13.879998415010798,1.0
55,poktstaking.com,20233,182.0,195238.005352,5641.071609268762,5857.1401605599995,849857378.0,59747.789770570045,12.053571814676841,12.515256753333333,1.0
56,poktvalidators.nl,20233,7.0,4563.432359,132.04301268025733,136.90297077,25492017.0,45000.0,6.287762508583683,6.519189084285714,1.0
57,poktymcpoktface.com,20233,11.0,12784.208558,366.7114251143332,383.52625674,41602547.0,60000.0,11.459732034822913,11.985195523125,1.0
58,qspider.com,20233,31.0,42128.423922,1205.8090600610783,1263.85271766,174822954.0,52500.0,13.250649011660201,13.888491402857143,1.0
59,raddicted.eu,20233,5.0,4414.53807,126.00286636527463,132.43614209999998,15337911.0,60000.0,8.400191091018309,8.82907614,1.0
60,rockpokt.net,20233,20.0,22092.932243,632.1760391093696,662.78796729,85269748.0,53250.0,10.363541624743764,10.865376512950819,1.0
61,rockx.com,20233,1.0,209.37818,6.019888983697411,6.281345399999999,2968530.0,15000.0,2.0066296612324703,2.0937818,1.0
62,savvynft.info,20233,1.0,1155.99683,33.09796040826235,34.6799049,4176128.0,60000.0,11.032653469420785,11.5599683,1.0
63,selfhost.co,20233,2.0,171.425158,4.8037522863804405,5.14275474,1517149.0,37500.0,0.9607504572760881,1.028550948,1.0
64,sendnodes.io,20233,841.0,1147618.486703,32813.51230321139,34428.55460109,3893717027.0,59679.98900859961,14.57083139574218,15.287990497819715,1.0
65,solarnode.net,20233,3.0,1908.609625,54.97291846803515,57.25828875,8111006.0,60000.0,7.853274066862164,8.179755535714285,1.0
66,spacebelt.cloud,20233,30.0,63403.041531999996,1821.6876560125027,1902.09124596,246525607.0,60000.0,19.800952782744595,20.674904847391304,1.0
67,spankpool.com,20233,,14.922754,0.4535411381214124,0.44768262,279469.0,,0.2267705690607062,0.22384131,
68,stakely.io,20233,34.0,2943.933743,84.84398519300959,88.31801229,48463960.0,15000.0,0.8158075499327845,0.8492116566346154,1.0
69,stakenode.club,20233,1.0,216.637773,6.069831606832052,6.499133189999999,536967.0,59417.47572815534,3.034915803416026,3.2495665949999997,0.0
70,stakenodes.org,20233,25.0,27297.773401,784.3353687327955,818.93320203,143472445.0,42954.545454545456,10.320202220168362,10.775436868815788,1.0
71,staketomorrow.com,20233,129.0,181347.704652,5199.321868672648,5440.43113956,648819886.0,59876.03305785124,13.263576195593489,13.87865086622449,1.0
72,starferrum.com,20233,1.0,441.264936,12.896137765782054,13.237948079999999,1084066.0,60000.0,6.448068882891027,6.6189740399999994,1.0
73,starlinktoday.com,20233,345.0,470340.317213,13493.03789714408,14110.20951639,1675214041.0,60000.0,12.813901136888965,13.400009037407408,1.0
74,steonode.de,20233,1.0,934.901846,27.12025102859272,28.047055379999996,6218939.0,30000.0,9.040083676197574,9.349018459999998,1.0
75,thundernetwork.xyz,20233,99.0,34433.740815,981.391206930386,1033.0122244499998,484384064.0,15000.0,3.249639758047636,3.420570279635761,1.0
76,thunderstake.org,20233,1529.0,47855.645885,1340.6582312299702,1435.66937655,196215236.0,28630.402150882233,7.88622488958806,8.445113979705882,0.0
77,tuku.dev,20233,7.0,6264.202893,178.44493228038272,187.92608679,19277007.0,60000.0,8.497377727637272,8.948861275714286,1.0
78,uadevops.com,20233,4.0,678.437966,19.006188855595646,20.353138979999997,1066068.0,59900.46449900465,19.006188855595646,20.353138979999997,0.0
79,ursamajor.eu,20233,1.0,56.392065,1.5798028575349885,1.69176195,84572.0,59351.0634800618,1.5798028575349885,1.69176195,0.0
80,validatrium.com,20233,1.0,294.034842,8.431800228921709,8.82104526,4787025.0,15000.0,2.8106000763072365,2.94034842,1.0
81,vido.info,20233,1.0,501.15365199999997,14.406955461271359,15.03460956,1770181.0,60000.0,4.802318487090453,5.01153652,1.0
82,weaversnodes.org,20233,107.0,155489.173739,4431.47901191539,4664.67521217,537900577.0,58514.851485148516,13.593493901580953,14.308819669233129,1.0
83,wetez.io,20233,1.0,61.641138,1.785239619347362,1.84923414,281745.0,60000.0,0.5950798731157874,0.6164113800000001,1.0
84,whiteholestake.io,20233,101.0,39498.957022,1131.265499721247,1184.96871066,548708577.0,14998.63878357667,3.6969460775204146,3.872446766862745,1.0
85,winskitech.com,20233,21.0,23766.01383,682.4795092425552,712.9804148999999,78821541.0,59963.947971114554,11.007734020041212,11.499684111290321,1.0
86,yokto.net,20233,4.0,1072.466587,30.055970517557544,32.173997609999994,6909676.0,25000.0,4.293710073936792,4.596285372857142,1.0
87,zanshindojo.org,20233,1.0,159.647044,4.4925671220044485,4.78941132,498052.0,60000.0,1.497522374001483,1.59647044,1.0
88,zp-labs.net,20233,124.0,71069.474851,1999.7649188531343,2132.08424553,160978843.0,59069.74046602289,15.50205363452042,16.527784849069768,1.0
89,zwenighirni.ch,20233,3.0,2871.204647,82.94039812242762,86.13613941,14182035.0,60000.0,9.215599791380846,9.570682156666667,1.0
